"APPLICATION_ID","ACTIVITY","ADMINISTERING_IC","APPLICATION_TYPE","ARRA_FUNDED","AWARD_NOTICE_DATE","BUDGET_START","BUDGET_END","CFDA_CODE","CORE_PROJECT_NUM","ED_INST_TYPE","FOA_NUMBER","FULL_PROJECT_NUM","FUNDING_ICs","FUNDING_MECHANISM","FY","IC_NAME","NIH_SPENDING_CATS","ORG_CITY","ORG_COUNTRY","ORG_DEPT","ORG_DISTRICT","ORG_DUNS","ORG_FIPS","ORG_IPF_CODE","ORG_NAME","ORG_STATE","ORG_ZIPCODE","PHR","PI_IDS","PI_NAMEs","PROGRAM_OFFICER_NAME","PROJECT_START","PROJECT_END","PROJECT_TERMS","PROJECT_TITLE","SERIAL_NUMBER","STUDY_SECTION","STUDY_SECTION_NAME","SUBPROJECT_ID","SUFFIX","SUPPORT_YEAR","DIRECT_COST_AMT","INDIRECT_COST_AMT","TOTAL_COST","TOTAL_COST_SUB_PROJECT"
"9576712","Y01","CA","","N","","","","","Y01CN170020","","","ACN17002001-1-0-1","NCI:80000\","INTERAGENCY AGREEMENTS","2017","NATIONAL CANCER INSTITUTE","","","","","","","","","NATIONAL CANCER INSTITUTE","","","","15244036; ","POGRIBNY, IGOR ;","","","","Agreement; Animal Model; ChIP-on-chip; chromatin immunoprecipitation; Code; comparative; Development; Diet; Disease susceptibility; DNA Microarray Chip; Epigenetic Process; epigenomics; Etiology; Evaluation; Exhibits; Genetic; genome-wide; Genomics; Hepatic; Human; Individual; Leukocytes; Link; Liver; liver injury; Methodology; MicroRNAs; Modeling; Molecular; Mus; next generation sequencing; non-alcoholic fatty liver; nonalcoholic steatohepatitis; Pathogenesis; Phenotype; Plasma; Population; Population Heterogeneity; Predisposition; protein expression; Reverse Transcriptase Polymerase Chain Reaction; Role; Sampling; Severity of illness; Testing; Untranslated RNA; whole genome; ","Diet-Induced Hypomethylation in the Preneoplastic Liver Genetics and epigenetics of susceptibility to non-alcoholic steatohepatitis (NASH) ","","","","","","","","","80000",""
"9579872","Y01","CA","","N","","","","","Y01PC170040","","","APC17004001-1-0-1","NCI:187328\","INTERAGENCY AGREEMENTS","2017","NATIONAL CANCER INSTITUTE","","","","","","","","","NATIONAL CANCER INSTITUTE","","","","; ",",  ;","","","","Adult; Behavioral; Characteristics; Crime; Data; Evaluation; Gender Role; global health; Interview; Life; Measures; Parents; Population; psychologic; Punishment; Race Relations; Respondent; satisfaction; social; Surveys; United States; ","NSF: 2018 General Social Survey","","","","","","","","","187328",""
"9580010","Y01","CA","","N","","","","","Y01PC170010","","","APC17001001-1-0-1","NCI:350000\","INTERAGENCY AGREEMENTS","2017","NATIONAL CANCER INSTITUTE","","","","","","","","","NATIONAL CANCER INSTITUTE","","","","; ",",  ;","","","","Centers for Disease Control and Prevention (U.S.); Chronic; Country; disorder prevention; evidence base; Genomics; Health; Healthcare; Malignant Neoplasms; Occupational Diseases; practical application; prevent; Prevention; programs; Public Health; ","CDC: Cancer Public Health Genomics","","","","","","","","","350000",""
"9580492","Y01","CA","","N","","","","","Y01CO170040","","","ACO17004001-1-0-1","NCI:7219413\","INTERAGENCY AGREEMENTS","2017","NATIONAL CANCER INSTITUTE","","","","","","","","","NATIONAL CANCER INSTITUTE","","","","; ",",  ;","","","","Agreement; Funding; Maintenance; Medical Waste Disposal; Security; Services; wasting; Water; "," IAA: NCI and the US Dept of the Army ","","","","","","","","","7219413",""
"9315739","P30","CA","5","N","06/26/2017","07/01/2017","06/30/2018","","P30CA023074","","PAR-13-386","5P30CA023074-37","NCI:5860\","RESEARCH CENTERS","2017","NATIONAL CANCER INSTITUTE","","TUCSON","UNITED STATES","","03","806345617","US","490201","UNIVERSITY OF ARIZONA","AZ","857210158","","6525212; ","BARTON, JENNIFER KEHLET;","","07/01/2017","06/30/2021","Advanced Development; Animals; Appointment; Arizona; base; bioimaging; Biological Markers; Cancer Biology; Cancer Center; Cancer Center Support Grant; cancer diagnosis; cancer imaging; Cancer Intervention; Cancer Model; cancer prevention; cancer therapy; Chemicals; Clinic; Clinical; clinical application; clinical development; clinical research site; Clinical Trials; Collaborations; college; Contrast Media; cost; Critiques; Cyclotrons; Data; design; Development; Diagnosis; Diagnostic Procedure; Diagnostic radiologic examination; Doctor of Philosophy; Environment; Fatty acid glycerol esters; Fostering; Foundations; Funding; Future; Gamma Rays; Glioblastoma; Goals; Grant; Health; Healthcare Systems; Hypoxia; Image; image processing; Imaging Device; imaging modality; imaging program; imaging system; Imaging technology; innovation; Intervention Studies; Joints; Laboratories; Lead; Leadership; liver tumor ablation; Magnetic Resonance Imaging; Malignant Neoplasms; Mammographic Density; Manuscripts; mathematical model; member; Mentors; Methodology; Mission; Modeling; molecular imaging; Monitor; nanoDroplet; new technology; novel; novel diagnostics; novel strategies; nuclear imaging; optical imaging; Ovarian Carcinoma; Patients; Peer Review; Performance; Positron-Emission Tomography; preclinical trial; prevent; Prevention; Process; programs; prototype; Published Comment; Radial; Radiochemistry; Research; Research Personnel; Resources; Risk; Science; Screening for cancer; Secure; skills; Source; spectroscopic imaging; Technology; Testing; tissue oxygenation; Training; Training Programs; Translating; translational pipeline; Translations; tumor; Ultrasonography; Universities; Validation; Water; ","Program 2: Cancer Imaging Program (CIP)","023074","NCI","Subcommittee I - Transistion to Independence ","8792","","37","3817","2043","","5860"
"9446708","U54","CA","1","N","10/06/2017","09/30/2017","08/31/2019","","U54CA224083","","RFA-CA-17-003","1U54CA224083-01","NCI:378618\","RESEARCH CENTERS","2017","NATIONAL CANCER INSTITUTE","","SAINT LOUIS","UNITED STATES","","01","068552207","US","9083901","WASHINGTON UNIVERSITY","MO","631304862","","9766169; ","DING, LI ;","","09/30/2017","08/31/2019","Animals; base; Bioinformatics; Biometry; cancer type; Categories; Clinical Trials; clinically relevant; Complex; Computer software; Data; Data Analyses; Databases; Development; dosage; Effectiveness; falls; federated computing; Fostering; Future; Genomics; Goals; Human; Human Genome Project; Human Resources; improved; Informatics; Information Systems; Inherited; insertion/deletion mutation; Investigational Therapies; member; Metadata; Methods; Modeling; Molecular; Mutation; Mutation Analysis; Pathway interactions; Patients; Pharmaceutical Preparations; Pilot Projects; pre-clinical; Procedures; Process; proteogenomics; Proteomics; Pythons; Reaction Time; relational database; Research; Research Infrastructure; Research Project Grants; Research Support; Resources; response; software development; Statistical Data Interpretation; System; The Cancer Genome Atlas; tool; Translating; trial design; tumor; Universities; Variant; virtual; Washington; Writing; ","Bioinformatics Core","224083","ZCA1","Special Emphasis Panel ","8741","","01","248274","130344","","378618"
"9446709","U54","CA","1","N","10/06/2017","09/30/2017","08/31/2019","","U54CA224083","","RFA-CA-17-003","1U54CA224083-01","NCI:254449\","RESEARCH CENTERS","2017","NATIONAL CANCER INSTITUTE","","SAINT LOUIS","UNITED STATES","","01","068552207","US","9083901","WASHINGTON UNIVERSITY","MO","631304862","","1927565; ","DIPERSIO, JOHN F.;","","09/30/2017","08/31/2019","Advisory Committees; Advocate; anticancer research; Applied Research; Award; base; Basic Science; Biological Markers; Cancer Center; Cancer Therapy Evaluation Program; Clinical Trials; Conflict of Interest; Development; Early Therapeutic-Clinical Trials Network; Electronic Mail; Fostering; Funding; Goals; Grant; human disease; innovation; Institution; Leadership; Life; Malignant Neoplasms; member; Mentors; minority investigator; Mission; Modeling; Newsletter; patient subsets; Patients; Phase; Pilot Projects; pre-clinical; Pre-Clinical Model; Process; programs; Recommendation; Recruitment Activity; Reproducibility; Request for Applications; Research; research and development; Research Methodology; Research Personnel; Research Project Grants; Review Committee; Scientist; Solid Neoplasm; Testing; Translating; Translational Research; Underrepresented Minority; Universities; Validation; Washington; Woman; Work; ","Pilot Projects and Trans-Network Activities Core","224083","ZCA1","Special Emphasis Panel ","8742","","01","166852","87597","","254449"
"9577870","Y01","DE","","N","","","","","Y01DE120090","","","ADE12009001-1-0-1","NIDCR:359894\","INTERAGENCY AGREEMENTS","2017","NATIONAL INSTITUTE OF DENTAL & CRANIOFACIAL RESEARCH","","","","","","","","","NATIONAL INSTITUTE OF DENTAL & CRANIOFACIAL RESEARCH","","","","; ",",  ;","","","","Adult; Behavior; Biological; Blood; Blood Pressure; Centers for Disease Control and Prevention (U.S.); Child; Data; Dental caries; Dentists; design; Development; Disease; disorder risk; Ensure; epidemiology study; fluorosis; Growth; Health; health disparity; Health Policy; Health Status; Height; Interview; Laboratories; Methods; National Institute of Dental and Craniofacial Research; NHANES; nutrition; Nutritional status; Oral health; Oral Health Quality of Life instruments/measures; Participant; Periodontal Diseases; Persons; Physical Examination; Prevalence; programs; Public Health; Research Design; Risk Factors; Sampling; Severities; Specimen; Standardization; Surveys; Time; Tooth Loss; Training; United States; United States National Center for Health Statistics; Urine; web site; Weight; ","National Health and Nutrition Examination Survey (NHANES)","","","","","","","","","359894",""
"9579973","Y01","CA","","N","","","","","Y01PC170080","","","APC17008001-1-0-1","NCI:75000\","INTERAGENCY AGREEMENTS","2017","NATIONAL CANCER INSTITUTE","","","","","","","","","NATIONAL CANCER INSTITUTE","","","","; ",",  ;","","","","Address; base; Businesses; Centers for Disease Control and Prevention (U.S.); Communities; community organizations; Disease; Effectiveness; Environmental Tobacco Smoke; Exposure to; Health; Healthcare; implementation science; improved; Intervention; Population Group; prevent; Preventive service; Resources; Schools; Tobacco; tobacco prevention; Tobacco use; young adult; Youth; ","CDC: Community Guide Implementation Science Activities","","","","","","","","","75000",""
"9315738","P30","CA","5","N","06/26/2017","07/01/2017","06/30/2018","","P30CA023074","","PAR-13-386","5P30CA023074-37","NCI:2005\","RESEARCH CENTERS","2017","NATIONAL CANCER INSTITUTE","","TUCSON","UNITED STATES","","03","806345617","US","490201","UNIVERSITY OF ARIZONA","AZ","857210158","","1940272; ","MONTFORT, WILLIAM R.;","","07/01/2017","06/30/2021","analog; Arizona; base; Basic Science; Biological; Biological Markers; Breast Lymphoma; Cancer Burden; Cancer Center; Cancer Center Support Grant; career; Catchment Area; chemical synthesis; Chemicals; chemotherapy; Clinical; clinical application; clinical care; Clinical Trials; Collaborations; combinatorial; Development; Disease; effective therapy; Environment; Funding; Genetic; Goals; Grant; Growth; insight; Intervention; Intervention Trial; Journals; Laboratory Finding; Lead; Malignant neoplasm of gastrointestinal tract; Malignant Neoplasms; Manuscripts; Mediating; member; Mentors; Molecular; molecular modeling; Molecular Models; multidisciplinary; Nature; NCI Center for Cancer Research; novel; novel anticancer drug; novel diagnostics; oncology; Pathway interactions; Patient Recruitments; Patients; Peer Review; Pharmaceutical Preparations; phase 2 study; precision medicine; Preclinical Testing; predictive marker; prognostic; Program Development; programs; Publications; Publishing; racial and ethnic; racial difference; Recruitment Activity; research clinical testing; Research Personnel; Secure; Signal Pathway; Skin; Specimen; Technology; Therapeutic; therapeutic development; Training; Translating; translational pipeline; Universities; Validation; Work; ","Program 1: Therapeutic Development Program (TDP)","023074","NCI","Subcommittee I - Transistion to Independence ","8791","","37","1305","700","","2005"
"9576633","Y01","CA","","N","","","","","Y01CN170040","","","ACN17004001-1-0-1","NCI:225000\","INTERAGENCY AGREEMENTS","2017","NATIONAL CANCER INSTITUTE","","","","","","","","","NATIONAL CANCER INSTITUTE","","","","15243903; ","WILKINS, MARY ;","","","","Agriculture; Americas; base; bioactive food component; clinical care; Clinical Nutrition; Collaborations; Data; Data Analytics; Data Quality; Data Set; Databases; Diet; dietary supplements; Eating; Food; Food Analysis; Generations; Intake; Laboratories; Methodology; Methods; NHANES; Nutrient; nutrition; Nutritional Study; Population; prebiotics; programs; Quality Control; Reference Standards; Research; Sampling; Services; Surveys; United States Dept. of Health and Human Services; Update; ","National Food and Nutrient Analysis Program (NFNAP) - Analytic Prebiotics II","","","","","","","","","225000",""
"9577883","Y01","DE","","N","","","","","Y01DE120170","","","ADE12017001-1-0-1","NIDCR:614000\","INTERAGENCY AGREEMENTS","2017","NATIONAL INSTITUTE OF DENTAL & CRANIOFACIAL RESEARCH","","","","","","","","","NATIONAL INSTITUTE OF DENTAL & CRANIOFACIAL RESEARCH","","","","; ",",  ;","","","","Adhesions; Agreement; Apatites; base; Biological; Bone structure; calcium phosphate; Clinical; clinically relevant; Commerce; Communities; Complex; Consensus Development; Crystallization; Dental; Dental Enamel; Dental Materials; Dental Research; Dentin; design; Development Plans; Environment; Future; Goals; improved; Institutes; International; Lead; Materials Testing; Measurement; Methods; National Institute of Dental and Craniofacial Research; new technology; Oral; Performance; photocuring; photopolymerization; polymerization; polymerization stress; Postdoctoral Fellow; Property; Public Health; Reference Standards; Reproducibility; Research; research and development; Research Infrastructure; restorative material; Safety; Science; Strategic Planning; Technology; Testing; Tooth structure; Training; United States National Institutes of Health; Work; ","Standard Test Methods and Reference Materials for Dental Restorative Materials","","","","","","","","","614000",""
"9444853","U54","CA","1","N","10/06/2017","09/30/2017","08/31/2019","","U54CA224018","","RFA-CA-17-009","1U54CA224018-01","NCI:753736\","RESEARCH CENTERS","2017","NATIONAL CANCER INSTITUTE","","SCOTTSDALE","UNITED STATES","","06","153665211","US","4976104","MAYO CLINIC ARIZONA","AZ","852595499","PROJECT 2 NARRATIVE  While multiple myeloma responds well to therapy, seldom are the cancerous plasma cells completely  eradicated since many patients relapse. Our hypothesis is that one cause of tumor cell-autonomous IMiD  resistance results from super-enhancers driving oncogene expression that retain their function in the presence  of IMiDs. To test this hypothesis we will examine super-enhancer dysregulating oncogenes in IMiD resistant  patient samples and myeloma cell lines in addition to studying resistance in a clinically relevant, humanized,  orthotopic, fully immune-competent mouse model.","1967810; ","BERGSAGEL, PETER LEIF;","","09/30/2017","08/31/2019","Amino Acids; antitumor effect; Automobile Driving; base; Binding; biobank; bone; Cancerous; Cell Line; Cell Proliferation; Cells; Cessation of life; ChIP-seq; Chromosomal translocation; chromosome 5q loss; Chronic Lymphocytic Leukemia; Clinic; Clinical; clinically relevant; cohort; Complex; Cytostatics; cytotoxic; Data; DNA; Down-Regulation; Drug effect disorder; Drug Exposure; Drug Regulations; Drug resistance; drug sensitivity; Drug-sensitive; Dysmyelopoietic Syndromes; Enhancers; EP300 gene; exceptional responders; Exhibits; experience; Failure; Gene Expression; Gene Expression Profile; Genes; Genetic Determinism; Genetic Transcription; Goals; Hematologic Neoplasms; Hematopoiesis; Hematopoietic; Hematopoietic Neoplasms; Histone Acetylation; Human; humanized mouse; IL2 gene; Immune; Immunocompetent; immunoregulation; In Vitro; in vivo; Inbred BALB C Mice; inhibitor/antagonist; IRF4 gene; Kidney Failure; lenalidomide; Lentivirus Vector; Marrow; Measures; Mediating; Methods; mouse model; multicatalytic endopeptidase complex; Multiple Myeloma; Mus; Mutation; Natural Killer Cells; neoplastic cell; Newly Diagnosed; next generation; Non-Hodgkin's Lymphoma; novel; Oncogenes; Patients; Pharmaceutical Preparations; Pharmacotherapy; Plasma Cells; Plasmacytoma; Play; pleiotropism; Population; Positioning Attribute; preclinical evaluation; Process; Proliferating; promoter; protein expression; Proteins; receptor; Recording of previous events; Recurrence; Recurrent disease; Regulatory Element; Relapse; relapse patients; Resistance; Resistance development; response; Sampling; Structure; Structure of germinal center of lymph node; Survival Rate; Survivors; synergism; T-Lymphocyte; Testing; Thalidomide; Time; transcription factor; Transgenic Mice; Transplantation; tumor; ubiquitin-protein ligase; Variant; Wild Type Mouse; Work; ","Project 2 - IMiD Resistance in Patients and Humanized Mice with Multiple Myeloma","224018","ZCA1","Special Emphasis Panel ","8403","","01","524392","229344","","753736"
"9444854","U54","CA","1","N","10/06/2017","09/30/2017","08/31/2019","","U54CA224018","","RFA-CA-17-009","1U54CA224018-01","NCI:709561\","RESEARCH CENTERS","2017","NATIONAL CANCER INSTITUTE","","SCOTTSDALE","UNITED STATES","","06","153665211","US","4976104","MAYO CLINIC ARIZONA","AZ","852595499","PROJECT 3 NARRATIVE  Our central hypothesis is that rational therapeutic development in MM should be based on an understanding of  the underlying genetics and biology of the tumor that identify sensitivity and resistance to current and future  drugs. This will lead to directed therapies that most effectively treat individual patients.","6062161; ","STEWART, ALEXANDER KEITH;","","09/30/2017","08/31/2019","Address; Affect; base; Biology; Bone Marrow; Cell Line; Characteristics; chemotherapy; Clinical; Clonal Evolution; Combined Modality Therapy; CRISPR interference; Cytometry; DNA Mutational Analysis; Drug Kinetics; Drug resistance; Future; Gene Expression; Gene Mutation; Genes; Genetic; Heterogeneity; Human; Immunophenotyping; In Vitro; in vivo; individual patient; inter-individual variation; Kinetics; Lead; Modeling; Molecular; Multiple Myeloma; Mutation; neoplastic cell; novel therapeutics; Outcome; Patients; Pharmaceutical Preparations; Pharmacodynamics; Pharmacology; Phenotype; Plasma Cell Neoplasm; Preclinical Drug Evaluation; predictive signature; Proteasome Inhibitor; Proteome; R Factors; Refractory Disease; Relapse; Resistance; response; Sampling; single cell analysis; Testing; Therapeutic; therapeutic development; Therapeutic Effect; therapeutic target; Therapeutic Uses; Time; Toxic effect; transcriptome; treatment response; tumor; Tumor Biology; tumor heterogeneity; Variant; vector; Vertebral column; ","Project 3 - Modeling Proteasome Inhibitor Response and Resistance in Cell Lines and Patient Samples with Single Cell Analysis of Subpopulations","224018","ZCA1","Special Emphasis Panel ","8404","","01","518698","190863","","709561"
"9446706","U54","CA","1","N","10/06/2017","09/30/2017","08/31/2019","","U54CA224083","","RFA-CA-17-003","1U54CA224083-01","NCI:274770\","RESEARCH CENTERS","2017","NATIONAL CANCER INSTITUTE","","SAINT LOUIS","UNITED STATES","","01","068552207","US","9083901","WASHINGTON UNIVERSITY","MO","631304862","","8579775; ","GOVINDAN, RAMASWAMY ;","","09/30/2017","08/31/2019","Award; Bioinformatics; Biometry; Budgets; Collaborations; Communication; Contracts; Development; Documentation; Funding; Goals; Grant; Group Meetings; Leadership; Maintenance; medical schools; meetings; Monitor; Newsletter; Participant; Pilot Projects; Preparation; Process; programs; Progress Reports; Publications; Reporting; Research; Research Personnel; Research Project Grants; Retreatment; symposium; Time; Universities; Washington; web site; Work; working group; ","Administrative Core","224083","ZCA1","Special Emphasis Panel ","8739","","01","180177","94593","","274770"
"9562008","Y01","EB","","N","","","","","Y01EB140010","","","AEB14001001-1-0-1","NIAMS:100000\NIBIB:0\NIDCR:100000\","INTERAGENCY AGREEMENTS","2017","NATIONAL INSTITUTE OF BIOMEDICAL IMAGING AND BIOENGINEERING","","","","","","","","","NATIONAL INSTITUTE OF BIOMEDICAL IMAGING AND BIOENGINEERING","","","","; ",",  ;","","","","Abdomen; Area; Basic Science; Cells; Clinical; clinical application; clinical practice; Clinical Research; Clinical Trials; Contractor; craniomaxillofacial; Department of Defense; Ensure; evidence base; Genitourinary system; immunoregulation; Individual; Institutes; Laboratory Research; Limb structure; Medical; Military Personnel; National Institute of Arthritis and Musculoskeletal and Skin Diseases; National Institute of Biomedical Imaging and Bioengineering; National Institute of Dental and Craniofacial Research; Natural regeneration; Population; pre-clinical; programs; reconstruction; Regenerative Medicine; Research; skin regeneration; Tissues; Trauma; U-Series Cooperative Agreements; United States National Institutes of Health; Universities; US Army Medical Research and Material Command; virtual; ","Armed Forces Institute for Regenerative Medicine  (AFIRM )","","","","","","","","","200000",""
"9576595","Y01","CA","","N","","","","","Y01CN170070","","","ACN17007001-1-0-1","NCI:497761\","INTERAGENCY AGREEMENTS","2017","NATIONAL CANCER INSTITUTE","","","","","","","","","NATIONAL CANCER INSTITUTE","","","","15243825; ","HUANG, MPH, PH.D., GRANT ;","","","","adenoma; Advanced Development; Adverse event; Algorithms; arm; base; biobank; Biopsy Specimen; Blood; Blood specimen; Clinical; Clinical Data; clinical diagnostics; Collaborations; Colonoscopy; Colorectal; Colorectal Cancer; colorectal cancer screening; Colorectal Neoplasms; Consent; cooperative study; cost; Enrollment; follow-up; Future; genetic resource; Genomics; Goals; Malignant Neoplasms; mortality; Neoplasms; Outcome; personalized screening; predictive modeling; programs; Research; Residual state; Risk; Risk stratification; screening; Specimen; surveillance strategy; Testing; Time; Tissues; Veterans; ","Colonoscopy vs. Fecal Immunochemical Test in Reducing Mortality from Colorectal Cancer (CONFIRM) trial Biorepository","","","","","","","","","497761",""
"9446576","U54","CA","1","N","10/06/2017","09/30/2017","08/31/2019","","U54CA224079","","RFA-CA-17-009","1U54CA224079-01","NCI:935583\","RESEARCH CENTERS","2017","NATIONAL CANCER INSTITUTE","","NEW YORK","UNITED STATES","","12","064931884","US","5079202","SLOAN-KETTERING INST CAN RESEARCH","NY","100656007","","1879400; ","SAWYERS, CHARLES L.;","","09/30/2017","08/31/2019","Ablation; Address; Androgen Receptor; base; Biological Assay; Biological Markers; biomarker discovery; Bypass; Cell Line; Cells; Chromatin; Clinical; clinical development; Clustered Regularly Interspaced Short Palindromic Repeats; Combined Modality Therapy; CRISPR library; Data; Data Set; Dependence; design; Disease; Drug resistance; drug sensitivity; Drug Targeting; Enhancers; EP300 gene; Evaluation; experimental study; Frequencies; G9a histone methyltransferase; Gene Amplification; Gene Expression; Gene Targeting; Genetic; Genetic Transcription; Glucocorticoid Receptor; Growth; Hormone Receptor; hormone therapy; Impairment; improved; inhibitor/antagonist; insight; interest; Libraries; malignant breast neoplasm; Malignant neoplasm of prostate; Memorial Sloan-Kettering Cancer Center; Messenger RNA; Mifepristone; Modeling; Mutation; Outcome; Output; Pathway interactions; Patients; Pharmaceutical Preparations; Pharmacologic Substance; Pharmacology; pre-clinical; Preclinical Drug Evaluation; preclinical study; promoter; prostate cancer cell line; receptor expression; Receptor Inhibition; Regimen; Regulation; Reporter; Residual state; Resistance; RNA Splicing; Scientist; screening; small hairpin RNA; Technology; Testing; Therapy Clinical Trials; tool; transcriptome; Treatment Protocols; tumor; tumor growth; Variant; VCaP; whole genome; ","Project 1: Resistance caused by AR pathway reactivation","224079","ZCA1","Special Emphasis Panel ","8718","","01","493332","442251","","935583"
"9446577","U54","CA","1","N","10/06/2017","09/30/2017","08/31/2019","","U54CA224079","","RFA-CA-17-009","1U54CA224079-01","NCI:433322\","RESEARCH CENTERS","2017","NATIONAL CANCER INSTITUTE","","NEW YORK","UNITED STATES","","12","064931884","US","5079202","SLOAN-KETTERING INST CAN RESEARCH","NY","100656007","","8725597; ","CHEN, YU ;","","09/30/2017","08/31/2019","Address; Androgen Antagonists; Androgen Receptor; Androgen Suppression; Androgens; base; Biological Markers; Bypass; Cancer Model; Cancer Patient; Castration; castration resistant prostate cancer; Characteristics; ChIP-seq; Chromatin; Clinical; clinical effect; Clinical Trials; clinically relevant; Combined Modality Therapy; Data; Data Set; Dependence; Development; Disease; Doxycycline; Drug Addiction; Drug resistance; drug sensitivity; Drug Targeting; Enhancers; EP300 gene; Epigenetic Process; epigenome; Evaluation; EZH2 gene; gastrointestinal; Gene Expression Profile; Genes; Genetic; Goals; Growth; Heterogeneity; Human; In Vitro; in vivo; inhibitor/antagonist; innovation; insight; knock-down; LNCaP; Malignant neoplasm of prostate; Mediating; Memorial Sloan-Kettering Cancer Center; Modeling; neuroendocrine phenotype; Neurosecretory Systems; novel; Organoids; overexpression; Pathway interactions; patient subsets; Patients; Pharmaceutical Preparations; preclinical study; pressure; prevent; Prostate; prostate cancer model; Proteins; RB1 gene; Receptor Signaling; Research; Resistance; resistance mechanism; response; response biomarker; Rest; Role; screening; Signal Transduction; System; Tertiary Protein Structure; Testing; Therapeutic; Therapeutic Agents; therapeutic candidate; therapeutic target; TP53 gene; Transcriptional Regulation; transcriptome; Translations; tumor; tumor growth; Up-Regulation; Xenograft Model; ","Project 2: Reversing resistance caused by lineage plasticity through epigenetic therapy","224079","ZCA1","Special Emphasis Panel ","8719","","01","228490","204832","","433322"
"9574531","Y01","AR","","N","","","","","Y01AR170020","","","AAR17002001-1-0-1","NIAMS:450940\","INTERAGENCY AGREEMENTS","2017","NATIONAL INSTITUTE OF ARTHRITIS AND MUSCULOSKELETAL AND SKIN DISEASES","","","","","","","","","NATIONAL INSTITUTE OF ARTHRITIS AND MUSCULOSKELETAL AND SKIN DISEASES","","","","; ",",  ;","","","","Age; aged; American; Americas; base; Bone Density; bone health; bone mass; Centers for Disease Control and Prevention (U.S.); Clinical; Collaborations; Data; Databases; disorder prevention; Dual-Energy X-Ray Absorptiometry; Ethnic Origin; Femur; fracture risk; Funding; Guidelines; Health; Healthy People 2020; Hip region structure; Individual; National Institute of Arthritis and Musculoskeletal and Skin Diseases; Neck; NHANES; Osteoporosis; Participant; Physical assessment; Population; population based; Prevalence; Questionnaires; Race; Sampling; sex; Surveys; United States; United States National Center for Health Statistics; Vertebral column; World Health Organization; ","National Health and Nutrition Examination Survey Collaboration for Osteoporosis Data to Support Healthy People 2020","","","","","","","","","450940",""
"9575725","Y01","GM","","N","","","","","Y01GM170020","","","AGM17002001-1-0-1","NIGMS:814686\","INTERAGENCY AGREEMENTS","2017","NATIONAL INSTITUTE OF GENERAL MEDICAL SCIENCES","","","","","","","","","NATIONAL INSTITUTE OF GENERAL MEDICAL SCIENCES","","","","; ",",  ;","","","","beamline; Communities; Crystallography; Ensure; Equipment; Funding; operation; Peer Review; Proteins; Resources; Roentgen Rays; Structure; Time; ","GM/CA@APS Equipment Supplement Upgrades","","","","","","","","","814686",""
"9576682","Y01","CA","","N","","","","","Y01CN170010","","","ACN17001001-1-0-1","NCI:65000\","INTERAGENCY AGREEMENTS","2017","NATIONAL CANCER INSTITUTE","","","","","","","","","NATIONAL CANCER INSTITUTE","","","","15243982; ","WILKINS, MARY  ;","","","","Agreement; Animals; cell behavior; Cells; Citrobacter rodentium; Environment; Food Interactions; Goals; Immune; In Vitro; in vivo; Indole-3-Carbinol; macrophage; Malignant neoplasm of prostate; Malignant Neoplasms; Mediating; Molecular; Molecular Biology Techniques; mouse model; Physiological; Preventive; Research Design; response; Signal Pathway; T-Lymphocyte; transcriptome; tumor; ","Nutrient Interaction - Effects of I3C/DIM on T cell activities in Citrobacter rodentium-infected mouse model","","","","","","","","","65000",""
"9576718","Y01","CA","","N","","","","","Y01CN170060","","","ACN17006001-1-0-1","NCI:113818\","INTERAGENCY AGREEMENTS","2017","NATIONAL CANCER INSTITUTE","","","","","","","","","NATIONAL CANCER INSTITUTE","","","","15244044; ","ATKINSON, DELTON ;","","","","base; Cause of Death; Cessation of life; Colorectal; Contracts; cost; Data; Death Records; Fee Schedules; Funding; indexing; Lung; mortality; National Cancer Institute; Ovarian; Participant; Prostate; Records; screening; Time; United States National Center for Health Statistics; Vital Statistics; ","National Death Index Data- NLST & PLCO ","","","","","","","","","113818",""
"9579875","Y01","CA","","N","","","","","Y01PC160110","","","APC16011001-1-0-1","NCI:61006\","INTERAGENCY AGREEMENTS","2017","NATIONAL CANCER INSTITUTE","","","","","","","","","NATIONAL CANCER INSTITUTE","","","","; ",",  ;","","","","Centers for Disease Control and Prevention (U.S.); Fees; Health Communication; high risk population; Human Papilloma Virus Vaccine; Testing; uptake; ","CPCRN Special Project on HPV Vaccine Uptake","","","","","","","","","61006",""
"9579903","Y01","CA","","N","","","","","Y01PC160140","","","APC16014002-2-0-1","NCI:50000\","INTERAGENCY AGREEMENTS","2017","NATIONAL CANCER INSTITUTE","","","","","","","","","NATIONAL CANCER INSTITUTE","","","","; ",",  ;","","","","Censuses; Characteristics; mortality; National Cancer Institute; National Heart, Lung, and Blood Institute; National Institute on Aging; Phase; socioeconomics; United States National Center for Health Statistics; ","Census: NLMS Phase III","","","","","","","","","50000",""
"9581036","Y01","MH","","N","","","","","Y01MH160040","","","AMH16004002-2-0-1","NIMH:507242\","INTERAGENCY AGREEMENTS","2017","NATIONAL INSTITUTE OF MENTAL HEALTH","","","","","","","","","NATIONAL INSTITUTE OF MENTAL HEALTH","","","","; ",",  ;","","","","","First Episode Psychosis Early Intervention","","","","","","","","","507242",""
"9446575","U54","CA","1","N","10/06/2017","09/30/2017","08/31/2019","","U54CA224079","","RFA-CA-17-009","1U54CA224079-01","NCI:175152\","RESEARCH CENTERS","2017","NATIONAL CANCER INSTITUTE","","NEW YORK","UNITED STATES","","12","064931884","US","5079202","SLOAN-KETTERING INST CAN RESEARCH","NY","100656007","","1879400; ","SAWYERS, CHARLES L.;","","09/30/2017","08/31/2019","Antineoplastic Agents; Cancer Center; Communication; Drug resistance; drug sensitivity; Ensure; Goals; Grant; Malignant neoplasm of prostate; meetings; member; Memorial Sloan-Kettering Cancer Center; National Cancer Institute; Play; Reporting; Research; Research Project Grants; Role; Structure; Universities; Washington; ","Administative Core","224079","ZCA1","Special Emphasis Panel ","8717","","01","92357","82795","","175152"
"9574138","Y01","HL","","N","","","","","Y01HL170020","","","AHL17002001-1-0-1","NHLBI:2567\","INTERAGENCY AGREEMENTS","2017","NATIONAL HEART, LUNG, AND BLOOD INSTITUTE","","","","","","","","","NATIONAL HEART, LUNG, AND BLOOD INSTITUTE","","","","; ",",  ;","","","","Adult; Awareness; Behavioral Risk Factor Surveillance System; Breathing; Centers for Disease Control and Prevention (U.S.); Chronic Obstructive Airway Disease; Coughing; Diagnosis; Disease; disorder risk; Population; Public Health; Recording of previous events; Resources; respiratory health; Risk; Shortness of Breath; Smoking; Symptoms; Testing; ","CDC Surveillance to Support Implementation of the National Action Plan for Chronic Obstructive Pulmonary Disease (COPD)","","","","","","","","","2567",""
"9579996","Y01","CA","","N","","","","","Y01PC170070","","","APC17007001-1-0-1","NCI:45000\","INTERAGENCY AGREEMENTS","2017","NATIONAL CANCER INSTITUTE","","","","","","","","","NATIONAL CANCER INSTITUTE","","","","; ",",  ;","","","","African American; Alaska Native; American Indians; Asians; Censuses; Hispanics; Pacific Island Americans; Population; Race; Series; ","Census: 2000 and 2010 Modified Race Population Estimates","","","","","","","","","45000",""
"9315740","P30","CA","5","N","06/26/2017","07/01/2017","06/30/2018","","P30CA023074","","PAR-13-386","5P30CA023074-37","NCI:6292\","RESEARCH CENTERS","2017","NATIONAL CANCER INSTITUTE","","TUCSON","UNITED STATES","","03","806345617","US","490201","UNIVERSITY OF ARIZONA","AZ","857210158","","1925352; ","ELLIS, NATHAN A.;","","07/01/2017","06/30/2021","Address; Advanced Development; Area; Arizona; Arsenicals; Automobile Driving; Basic Science; Bioinformatics; Biological; Biological Models; Cancer Biology; cancer cell; Cancer cell line; Cancer Center; Cancer Center Support Grant; Cancer Control; cancer health disparity; cancer initiation; cancer prevention; Cancer Science; cancer therapy; carcinogenesis; carcinogenicity; Catchment Area; cell type; Clinical Research; Clinical Trials; Collaborations; Complex; Development; Dictyostelium discoideum; DNA Sequence Alteration; Drosophila melanogaster; Environment; Environmental Carcinogens; Environmental Risk Factor; Epigenetic Process; Etiology; Event; Faculty Recruitment; Fostering; Foundations; Funding; Future; Gene Expression; Genetic Models; Genomic Instability; genomic platform; Genomics; Goals; Grant; Heterogeneity; Hispanic Americans; House mice; human tissue; improved; Individual; Intervention; Knowledge; Malignant Neoplasms; Manuscripts; Mediating; member; Mentors; Modernization; mouse model; Mutation; Nature; Neoplasm Metastasis; novel; novel strategies; Organ; Outcome; patient population; Patients; Peer Review; Phenotype; Population; pre-clinical; precision medicine; Precision Medicine Initiative; preclinical study; Prevention; programs; Publishing; Recruitment Activity; Regulatory Pathway; Research; Research Personnel; Resource Sharing; Saccharomyces cerevisiae; Secure; Signal Pathway; Signal Transduction; success; symposium; Targeted Research; Training Programs; Translational Research; Translations; tumor progression; Universities; working group; Xenograft procedure; ","Program 3: Cancer BiologyProgram (CBP)","023074","NCI","Subcommittee I - Transistion to Independence ","8793","","37","4099","2193","","6292"
"9444852","U54","CA","1","N","10/06/2017","09/30/2017","08/31/2019","","U54CA224018","","RFA-CA-17-009","1U54CA224018-01","NCI:753737\","RESEARCH CENTERS","2017","NATIONAL CANCER INSTITUTE","","SCOTTSDALE","UNITED STATES","","06","153665211","US","4976104","MAYO CLINIC ARIZONA","AZ","852595499","PROJECT 1 NARRATIVE  Despite recent advances in therapy the majority of multiple myeloma (MM) patients are not cured but rather  suffer from a chronic relapsing, yet ultimately fatal disease; thus the need to find alternative therapies for  patients who fail existing potent drug classes is urgent. Patients may fail initial therapies (innate resistance) or  experience drug resistant relapses (acquired resistance). We hypothesize that a direct to drug analysis of  individual patients measuring over 80 clinically available, CTEP or promising clinical trial agents alone or in  combination, will overcome innate or acquired resistance, improve response rates, lower unnecessary toxicity  and reduce drug costs. To test this hypothesis we will identify the relationships between genomic or clinical  characteristics of MM patient samples in light of their sensitivity and resistance to MM therapeutics. This  strategy will also, for the purposes of this proposal, provide a database of samples and clinical data sets from  which to explore genomic or clinical correlates of drug sensitivity and resistance in Projects 2 and 3.","6062161; ","STEWART, ALEXANDER KEITH;","","09/30/2017","08/31/2019","Acoustics; Address; Aftercare; Alternative Therapies; Animal Model; base; Biological Markers; Bromodomain; Cancer Therapy Evaluation Program; Cell Line; Cells; Characteristics; Chronic; Clinical; Clinical Data; clinical phenotype; Clinical Trials; Data; Data Analyses; Data Set; Databases; Disease; DNA Library; DNA Sequence Alteration; Dose; Drug Combinations; Drug Costs; Drug resistance; drug sensitivity; Elements; Epigenetic Process; experience; FDA approved; Feedback; Frequencies; gene panel; Genetic Transcription; Genomics; Goals; Grant; high throughput screening; Human; Immune; improved; In Vitro; in vivo; individual patient; inhibitor/antagonist; innovation; Investigation; Laboratories; Light; Link; Measures; Methodology; Mosaicism; Multiple Myeloma; Mus; Mutation; mutational status; novel drug combination; oncology; Outcome; Patients; Pharmaceutical Preparations; Phase II Clinical Trials; Preclinical Drug Evaluation; prevent; programs; Proteasome Inhibition; Proteasome Inhibitor; Proteomics; Relapse; Resistance; resistance gene; resistance mechanism; response; RNA library; Robotics; Route; Sampling; screening; Source; synergism; System; targeted treatment; Technology; Testing; Therapeutic; Therapeutic Clinical Trial; Toxic effect; transcriptome sequencing; Work; ","Project 1 - High Throughtput Drug Screening and Correlations with Mutational Status in Myeloma Cell Lines and Patient Samples","224018","ZCA1","Special Emphasis Panel ","8402","","01","524393","229344","","753737"
"9446707","U54","CA","1","N","10/06/2017","09/30/2017","08/31/2019","","U54CA224083","","RFA-CA-17-003","1U54CA224083-01","NCI:665485\","RESEARCH CENTERS","2017","NATIONAL CANCER INSTITUTE","","SAINT LOUIS","UNITED STATES","","01","068552207","US","9083901","WASHINGTON UNIVERSITY","MO","631304862","","8579772; ","LI, SHUNQIANG ;","","09/30/2017","08/31/2019","Antineoplastic Agents; Back; base; Bioinformatics; Biological Markers; Breast; cancer subtypes; cancer type; capsule; Characteristics; Clinical Data; Clinical Research; Collection; Colorectal; Colorectal Cancer; Data; Databases; Development; Drug Modelings; drug testing; Ensure; Evaluation; exome sequencing; Feedback; Funding; genomic profiles; Goals; Heterogeneity; Human; implantation; improved; Institutes; Link; Lung; Lymphoma; Malignant Neoplasms; medical schools; member; Methodology; Modeling; Molecular Cloning; Molecular Profiling; Monitor; Mus; Mutation; Pancreas; pathogen; Patients; programs; proteogenomics; Quality Control; Research; Research Infrastructure; Research Personnel; Research Project Grants; Safety; Sampling; sarcoma; screening; Short Tandem Repeat; Solid Neoplasm; Structure; subcutaneous; success; Testing; Tissue Banks; tissue registry; tool; transcriptome sequencing; translational study; tumor; Universities; Washington; ","PDX Core","224083","ZCA1","Special Emphasis Panel ","8740","","01","436383","229102","","665485"
"9468313","Y01","GM","","N","","","","","Y01GM150020","","","AGM15002001-1-0-1","NIGMS:42927000\","INTERAGENCY AGREEMENTS","2017","NATIONAL INSTITUTE OF GENERAL MEDICAL SCIENCES","","","","","","","","","NATIONAL INSTITUTE OF GENERAL MEDICAL SCIENCES","","","","; ",",  ;","","","","Agreement; Evaluation; Funding; Laws; National Institute of General Medical Sciences; United States National Institutes of Health; ","2017 PHS Evaluation Act ","","","","","","","","","42927000",""
"9579920","Y01","CA","","N","","","","","Y01PC160130","","","APC16013002-2-0-1","NCI:15000\","INTERAGENCY AGREEMENTS","2017","NATIONAL CANCER INSTITUTE","","","","","","","","","NATIONAL CANCER INSTITUTE","","","","; ",",  ;","","","","Area; Cancer Control; Censuses; County; Data; Measures; Policy Maker; population survey; Research Personnel; Sample Size; Surveys; Tobacco; Tobacco use; ","Census: Small Areas Estimates for Tobacco/TUS-CPS","","","","","","","","","15000",""
"9581035","Y01","MH","","N","","","","","Y01MH150020","","","AMH15002001-1-0-1","NIMH:75000\","INTERAGENCY AGREEMENTS","2017","NATIONAL INSTITUTE OF MENTAL HEALTH","","","","","","","","","NATIONAL INSTITUTE OF MENTAL HEALTH","","","","; ",",  ;","","","","","Suicide Mortality Report","","","","","","","","","75000",""
"9444851","U54","CA","1","N","10/06/2017","09/30/2017","08/31/2019","","U54CA224018","","RFA-CA-17-009","1U54CA224018-01","NCI:251247\","RESEARCH CENTERS","2017","NATIONAL CANCER INSTITUTE","","SCOTTSDALE","UNITED STATES","","06","153665211","US","4976104","MAYO CLINIC ARIZONA","AZ","852595499","NARRATIVE  Multiple myeloma (MM) is a devastating malignancy and the DRSC seeks to improve the outcome of patients  in a very significant way through innovative research projects. This core is critical to the success of each of  these projects by providing administrative support and oversight.","6062161; ","STEWART, ALEXANDER KEITH;","","09/30/2017","08/31/2019","Adherence; Administrator; Advocate; Arizona; Awareness; Clinic; Collaborations; Communication; Communities; Data; design; Development; Drug resistance; drug sensitivity; Ensure; Evaluation; Genome; Goals; improved outcome; Information Dissemination; innovation; Leadership; Malignant Neoplasms; Manuscripts; member; Minnesota; Multiple Myeloma; novel strategies; Occupational activity of managing finances; operation; Patient-Focused Outcomes; Patients; Pharmaceutical Preparations; Physicians; precision medicine; Publications; Reporting; Research; Research Infrastructure; Research Personnel; Research Project Grants; Resistance; Resources; response; sharing data; Structure; success; Translational Research; Universities; Work; ","Admin Core","224018","ZCA1","Special Emphasis Panel ","8401","","01","174798","76449","","251247"
"9446578","U54","CA","1","N","10/06/2017","09/30/2017","08/31/2019","","U54CA224079","","RFA-CA-17-009","1U54CA224079-01","NCI:1041837\","RESEARCH CENTERS","2017","NATIONAL CANCER INSTITUTE","","NEW YORK","UNITED STATES","","12","064931884","US","5079202","SLOAN-KETTERING INST CAN RESEARCH","NY","100656007","","7835134; ","CARVER, BRETT STEWART;","","09/30/2017","08/31/2019","abiraterone; Acetates; AKT inhibition; Androgen Receptor; Androgens; Back; base; bench to bedside; Biological Markers; Biology; Breast; Cancer Therapy Evaluation Program; Characteristics; Clinical Trials; Combined Modality Therapy; design; Development; Disease; Disease Resistance; Drug resistance; drug sensitivity; ERBB2 gene; Event; Feedback; FGF8 gene; Fibroblast Growth Factor; Fibroblast Growth Factor Receptors; Formularies; Future; Generations; genetic signature; genomic profiles; Hormonal; Impairment; improved; improved outcome; in vivo; inhibitor/antagonist; Ligands; Malignant neoplasm of prostate; Malignant Neoplasms; MAP Kinase Gene; Mediating; Memorial Sloan-Kettering Cancer Center; men; Metastatic Prostate Cancer; Modeling; Molecular; Neurosecretory Systems; novel; Nuclear Hormone Receptors; Oncogenic; overexpression; Pathway interactions; Patient Selection; Patient-Focused Outcomes; Patients; Pertuzumab; Phosphotransferases; pre-clinical; Pre-Clinical Model; preclinical trial; prevent; Prostate; prostate cancer model; Proto-Oncogene Proteins c-akt; PTEN gene; Regulation; Reporting; Resistance; Resistance development; resistance mechanism; response; Role; Signal Pathway; Signal Transduction; targeted treatment; Testing; Therapeutic; Therapeutic Effect; therapy resistant; Thyroid Gland; Translations; Trastuzumab; treatment response; tumor; Up-Regulation; Work; ","Project 3: Defining the appropriate context for targeting kinase signaling in combination with androgen receptor blockade to enhance therapeutic response in metastatic prostate cancer","224079","ZCA1","Special Emphasis Panel ","8720","","01","847607","194230","","1041837"
"9526953","Y01","HL","","N","","","","","Y01HL160040","","","AHL16004001-1-0-1","NHLBI:63667\","INTERAGENCY AGREEMENTS","2017","NATIONAL HEART, LUNG, AND BLOOD INSTITUTE","","","","","","","","","NATIONAL HEART, LUNG, AND BLOOD INSTITUTE","","","","; ",",  ;","","","","American; Asthma; base; Communities; evidence base; Goals; Health; Healthy People 2020; improved; Lung diseases; Measures; National Health Interview Survey; Resources; Science; Work; ","HP 2020 asthma-related respiratory diseases (RD) objectives on the 2017 National Health Interview Survey (supplement)","","","","","","","","","63667",""
"9576729","Y01","CA","","N","","","","","Y01CN170050","","","ACN17005001-1-0-1","NCI:493479\","INTERAGENCY AGREEMENTS","2017","NATIONAL CANCER INSTITUTE","","","","","","","","","NATIONAL CANCER INSTITUTE","","","","15244058; ","CREENAN, CDFM-A, MICHAEL ;","","","","African American; Asians; Biological Assay; Biological Markers; Clinical; cohort; Detection; Early Detection Research Network; Early Diagnosis; Family member; gene product; Gleason Grade for Prostate Cancer; Hispanics; improved; Laboratories; Malignant neoplasm of prostate; Malignant Neoplasms; Minority; Monoclonal Antibodies; Mutate; Oncogenic; overexpression; Pathologic; Resources; Specificity; Specimen; Testing; Validation; validation studies; verification and validation; ","Early Detection Research Network (EDRN) Biomarker Reference Laboratory ","","","","","","","","","493479",""
"9579645","Y01","CA","","N","","","","","Y01PC170030","","","APC17003001-1-0-1","NCI:113180\","INTERAGENCY AGREEMENTS","2017","NATIONAL CANCER INSTITUTE","","","","","","","","","NATIONAL CANCER INSTITUTE","","","","; ",",  ;","","","","Country; Discipline; experience; Faculty; Fellowship; Funding; graduate student; Internships; Laboratories; Location; member; Postdoctoral Fellow; programs; Research; research facility; Science, Technology, Engineering and Mathematics; undergraduate student; United States; Universities; ","DOE: ORISE Program","","","","","","","","","113180",""
"9579799","Y01","CA","","N","","","","","Y01PC170020","","","APC17002001-1-0-1","NCI:2000000\","INTERAGENCY AGREEMENTS","2017","NATIONAL CANCER INSTITUTE","","","","","","","","","NATIONAL CANCER INSTITUTE","","","","; ",",  ;","","","","Adult; African American; base; Cancer Control; Funding; Hispanics; Household; Persons; Population; Respondent; Sample Size; Sampling; Surveys; United States National Center for Health Statistics; ","NCHS: NHIS Cancer Control Supplement","","","","","","","","","2000000",""
"9579946","Y01","CA","","N","","","","","Y01PC170060","","","APC17006001-1-0-1","NCI:70000\","INTERAGENCY AGREEMENTS","2017","NATIONAL CANCER INSTITUTE","","","","","","","","","NATIONAL CANCER INSTITUTE","","","","; ",",  ;","","","","Censuses; Ethnic Origin; Evaluation; Malignant Neoplasms; Race; ","Census: Evaluation of Quality of Race and Ethnicity Variables in SEER","","","","","","","","","70000",""
"9579951","Y01","CA","","N","","","","","Y01PC170100","","","APC17010001-1-0-1","NCI:740000\","INTERAGENCY AGREEMENTS","2017","NATIONAL CANCER INSTITUTE","","","","","","","","","NATIONAL CANCER INSTITUTE","","","","; ",",  ;","","","","Censuses; Data; population survey; Series; Surveys; Tobacco; Tobacco use; United States Food and Drug Administration; ","Census: TUS-CPS","","","","","","","","","740000",""
"9579998","Y01","CA","","N","","","","","Y01PC170050","","","APC17005001-1-0-1","NCI:2250\","INTERAGENCY AGREEMENTS","2017","NATIONAL CANCER INSTITUTE","","","","","","","","","NATIONAL CANCER INSTITUTE","","","","; ",",  ;","","","","Centers for Disease Control and Prevention (U.S.); Fees; Human Papilloma Virus Vaccination; Human Papillomavirus; uptake; ","CDC: Technical Assistance for HPV","","","","","","","","","2250",""
"9315741","P30","CA","5","N","06/26/2017","07/01/2017","06/30/2018","","P30CA023074","","PAR-13-386","5P30CA023074-37","NCI:954\","RESEARCH CENTERS","2017","NATIONAL CANCER INSTITUTE","","TUCSON","UNITED STATES","","03","806345617","US","490201","UNIVERSITY OF ARIZONA","AZ","857210158","","1878826; ","CHOW, H-H. SHERRY;","","07/01/2017","06/30/2021","Address; Advanced Malignant Neoplasm; Area; Arizona; behavior test; Behavioral; Biological Factors; Biological Markers; Breast; Cancer Burden; Cancer Center; Cancer Center Support Grant; Cancer Control; Cancer Control Research; cancer epidemiology; cancer prevention; cancer risk; cancer site; Cancer Survivorship; cancer type; Catchment Area; Chemoprevention; Clinical Research; Collaborations; Colorectal Cancer; design; Education and Outreach; Ensure; Environmental Risk Factor; Epidemiology; Faculty; Fostering; Funding; gene environment interaction; Goals; Grant; improved; Incidence; International; Intervention; Knowledge; Laboratory Research; lifestyle factors; Malignant neoplasm of prostate; Malignant Neoplasms; Manuscripts; member; Morbidity - disease rate; mortality; multidisciplinary; named group; novel chemoprevention; Nutraceutical; Outcome; Ovarian; Peer Review; Pharmacologic Substance; Plant Roots; Primary Prevention; programs; psychosocial; Quality of life; Research; Research Activity; Research Personnel; research study; Resource Sharing; Resources; Risk; Science; Scientific Advances and Accomplishments; Secondary Prevention; Secure; Skin Cancer; Strategic Planning; Students; synergism; tertiary prevention; Testing; Time; Translational Research; Treatment outcome; Universities; Vaccines; Woman; Work; ","Program 4: Cancer Prevention and Control Program (CPC)","023074","NCI","Subcommittee I - Transistion to Independence ","8794","","37","622","332","","954"
"9446710","U54","CA","1","N","10/06/2017","09/30/2017","08/31/2019","","U54CA224083","","RFA-CA-17-003","1U54CA224083-01","NCI:425714\","RESEARCH CENTERS","2017","NATIONAL CANCER INSTITUTE","","SAINT LOUIS","UNITED STATES","","01","068552207","US","9083901","WASHINGTON UNIVERSITY","MO","631304862","","8579729; ","MA, CYNTHIA X;","","09/30/2017","08/31/2019","Aftercare; AKT1 gene; antitumor effect; base; Bioinformatics; Biological Markers; biomarker development; biomarker discovery; Biopsy; Breast Cancer Model; Breast Cancer Patient; cancer subtypes; Candidate Disease Gene; candidate marker; Catalytic Domain; Categories; Characteristics; Classification; Clinical; clinical development; Clinical Trials; Combined Modality Therapy; Data; Data Collection; Data Discovery; Dependence; Dependency; Development; differential expression; Dose; Dose-Limiting; Drug Combinations; Drug effect disorder; Drug resistance; Endocrine; ERBB2 gene; Estrogen receptor positive; Evaluation; Event; exome; Feedback; FRAP1 gene; Future; Gene Proteins; Genetic; genetic signature; Genome Stability; genomic data; Goals; Hormone Receptor; Immune; improved; Individual; inhibitor/antagonist; interest; Interruption; Investigation; Lipids; Literature; malignant breast neoplasm; Mass Spectrum Analysis; Mediating; MEK inhibition; member; Modeling; Molecular; Mus; mutant; Mutation; novel; Pathway interactions; Patient-derived xenograft models of breast cancer; Patients; Pharmaceutical Preparations; Pharmacotherapy; Phase; Phenotype; Phosphatidylinositide 3-Kinase Inhibitor; Phosphotransferases; PIK3CA gene; PIK3CB gene; Play; Population; predicting response; predictive marker; predictive of treatment response; Progression-Free Survivals; Protein Isoforms; Proteomics; Proto-Oncogene Proteins c-akt; PTEN gene; Publishing; Randomized; Research; research clinical testing; Research Infrastructure; Research Project Grants; Research Project Summaries; Resistance; resistance mechanism; Resources; response; Role; Sampling; SDZ RAD; Signal Transduction; Standardization; success; Target Populations; targeted agent; Therapeutic Agents; therapeutic target; therapy resistant; Time; Tissues; Toxic effect; transcriptome sequencing; treatment group; triple-negative invasive breast carcinoma; tumor; tumor growth; Tumor Volume; Tumor-Derived; tumorigenesis; Universities; Validation; Washington; Xenograft Model; Xenograft procedure; ","Research Project 1: Development of PI3K Inhibitors as Single Agents or in Combination with MEK Inhibitors for Breast Cancer","224083","ZCA1","Special Emphasis Panel ","8743","","01","279157","146557","","425714"
"9446711","U54","CA","1","N","10/06/2017","09/30/2017","08/31/2019","","U54CA224083","","RFA-CA-17-003","1U54CA224083-01","NCI:425714\","RESEARCH CENTERS","2017","NATIONAL CANCER INSTITUTE","","SAINT LOUIS","UNITED STATES","","01","068552207","US","9083901","WASHINGTON UNIVERSITY","MO","631304862","","9837500; ","WANG-GILLAM, ANDREA ;","","09/30/2017","08/31/2019","Attention; base; Binding; cancer biomarkers; Cancer Etiology; Cancer Therapy Evaluation Program; Cell membrane; Cells; Cessation of life; Chronic; Clinic; Clinical; Clinical Oncology; Clinical Trials; clinically relevant; Combination Drug Therapy; combinatorial; Complex; Dasatinib; Data; density; Development; efficacy testing; Epidermal Growth Factor Receptor; Epigenetic Process; exome sequencing; Fingerprint; FRAP1 gene; Future; Genetic; genomic profiles; Goals; GTP Binding; Guanosine Triphosphate; Human; in vivo; inhibitor/antagonist; interest; KRAS2 gene; KRAS2 Gene Mutation; lapatinib; Maintenance; Malignant neoplasm of pancreas; Malignant Neoplasms; malignant phenotype; MAPK1 gene; MAPK3 gene; Mass Spectrum Analysis; material transfer agreement; melanoma; Mitogen-Activated Protein Kinases; Modeling; Monomeric GTP-Binding Proteins; mutant; Mutate; nanomolar; novel strategies; novel therapeutics; Oncogenes; Oncoproteins; Organoids; pancreas xenograft; Pancreatic Ductal Adenocarcinoma; Pathway interactions; patient population; Patients; Phosphotransferases; predictive marker; proteogenomics; Proteomics; Regimen; repository; Research; Research Project Grants; Resistance; resistance mechanism; response; Signal Pathway; Signal Transduction; small molecule; small molecule inhibitor; Survival Rate; Testing; Therapeutic; Therapeutic Intervention; tumor; United States; Universities; Washington; Xenograft procedure; ","Research Project 2: Development of Synergetic EKR Combinations in PDAC","224083","ZCA1","Special Emphasis Panel ","8744","","01","279157","146557","","425714"
"9547682","Y01","AI","","N","","","","","Y01AI120440","","","AAI12044001-1-0-1","NIAID:2575838\","INTERAGENCY AGREEMENTS","2017","NATIONAL INSTITUTE OF ALLERGY AND INFECTIOUS DISEASES","","","","","","","","","NATIONAL INSTITUTE OF ALLERGY AND INFECTIOUS DISEASES","","","","; ",",  ;","","","","Agreement; Animal Model; Development; Dose; Medical; mimetics; Modeling; nonhuman primate; Pathology; Radiation; Radiation exposure; Radiation Toxicity; Rodent; Rodent Model; Supportive care; Translational Research; ","Development of medical countermeasures against radiation exposure","","","","","","","","","2575838",""
"9554732","Y01","MH","","N","","","","","Y01MH140030","","","AMH14003001-1-0-1","NIMH:2575\","INTERAGENCY AGREEMENTS","2017","NATIONAL INSTITUTE OF MENTAL HEALTH","","","","","","","","","NATIONAL INSTITUTE OF MENTAL HEALTH","","","","; ",",  ;","","","","digital; digital object identifier; ","Digital Object Identifer","","","","","","","","","2575",""
"9574591","Y01","AI","","N","","","","","Y01AI170090","","","AAI17009001-1-0-1","OD:130252\","INTERAGENCY AGREEMENTS","2017","NATIONAL INSTITUTE OF ALLERGY AND INFECTIOUS DISEASES","","","","","","","","","NATIONAL INSTITUTE OF ALLERGY AND INFECTIOUS DISEASES","","","","; ",",  ;","","","","aqueous; base; beta-Glucans; Binding; Biological Models; Curcumin; cytotoxicity; endothelial dysfunction; Genistein; in vitro Model; Inflammation; Insulin-Like Growth Factor I; irradiation; Lentinula edodes; metal chelator; Metals; Miniature Swine; Mus; Oxidative Stress; Pathway interactions; Plants; Quercetin; Radiation; Radiation Tolerance; Radioisotopes; ","Plant-based compounds as Radionuclide Decorporation Agents AND Mechanisms Involved in  Radiation Sensitivity  ","","","","","","","","","130252",""
"9574628","Y01","AI","","N","","","","","Y01AI170110","","","AAI17011001-1-0-1","OD:185803\","INTERAGENCY AGREEMENTS","2017","NATIONAL INSTITUTE OF ALLERGY AND INFECTIOUS DISEASES","","","","","","","","","NATIONAL INSTITUTE OF ALLERGY AND INFECTIOUS DISEASES","","","","; ",",  ;","","","","Adjuvant; Alloantigen; Allogenic; Animal Model; Attenuated; Biological Assay; Bone Marrow; Cell Cycle Inhibition; Cell Survival; Cells; DNA; DNA Repair; Dose; experimental study; Fibroblasts; Fluorescent in Situ Hybridization; Formulation; Gastrointestinal tract structure; Generations; Goals; Hair; Hematopoietic; Hematopoietic stem cells; Human; human tissue; Hybrids; Immune; Immune system; Immunity; Inbred WKY Rats; Infection; Infectious Agent; Infusion procedures; Inhibition of Apoptosis; Ionizing radiation; irradiation; Kinetics; Length; Light; Lymphocyte; mass casualty; Measurement; Mediating; Memory; Methodology; microorganism; Modeling; Mus; neutrophil; oxidative DNA damage; Peripheral; Production; Radiation; Radiation exposure; Radiation Toxicity; Rattus; repository; Research; Research Design; response; Route; Sampling; Skin; Southern Blotting; Surrogate Markers; T-Lymphocyte; telomere; Telomere Shortening; Testing; Therapeutic; therapeutic candidate; Translating; Transplantation; Vaccines; WI 38 cell; "," Acute Radiation Syndrome:  Telomere shortening as a new surrogate marker AND the Fate of Vaccine Immunity","","","","","","","","","185803",""
"9576700","Y01","CA","","N","","","","","Y01CN170030","","","ACN17003001-1-0-1","NCI:181500\","INTERAGENCY AGREEMENTS","2017","NATIONAL CANCER INSTITUTE","","","","","","","","","NATIONAL CANCER INSTITUTE","","","","15244016; ","NOVOTNY, JANET ;","","","","absorption; Agreement; Blood specimen; Brassica; Broccoli - dietary; Catheters; Consumption; Diet; Dose; Drug Kinetics; feeding; Flavonoids; Gene Expression; Genetic; High Pressure Liquid Chromatography; Hour; Human; Isothiocyanates; Joints; Kale - dietary; Malignant Neoplasms; Metabolism; Nurses; nutrition; Nutritional Study; Pathway interactions; Placebos; Plasma; Reporting; Sampling; Urine; Vegetables; Venous; volunteer; Water; ","Diet-Genetic Interactions ? Absorption and metabolism of phytonutrients from different Brassica vegetables","","","","","","","","","181500",""
